"PID","ID_0","ISO","NAME_0","ID_1","NAME_1","ID_2","NAME_2","ID_3","NAME_3","NL_NAME_3","VARNAME_3","TYPE_3","ENGTYPE_3"
43235,127,"LBR","Liberia",1,"Bomi",1,"Klay",1,"Blugban","","","Clan","Clan"
43236,127,"LBR","Liberia",1,"Bomi",1,"Klay",2,"Dey-Gbo","","","Clan","Clan"
43237,127,"LBR","Liberia",1,"Bomi",1,"Klay",3,"Gbarvon","","","Clan","Clan"
43238,127,"LBR","Liberia",1,"Bomi",1,"Klay",4,"Gbojey","","","Clan","Clan"
43239,127,"LBR","Liberia",1,"Bomi",1,"Klay",5,"Gbor","","","Clan","Clan"
43240,127,"LBR","Liberia",1,"Bomi",1,"Klay",6,"Gorblah","","","Clan","Clan"
43241,127,"LBR","Liberia",1,"Bomi",1,"Klay",7,"Kpo","","","Clan","Clan"
43242,127,"LBR","Liberia",1,"Bomi",1,"Klay",8,"Lower Zor","","","Clan","Clan"
43243,127,"LBR","Liberia",1,"Bomi",1,"Klay",9,"Manna","","","Clan","Clan"
43244,127,"LBR","Liberia",1,"Bomi",1,"Klay",10,"Senjeh","","","Clan","Clan"
43245,127,"LBR","Liberia",1,"Bomi",1,"Klay",11,"Tehr","","","Clan","Clan"
43246,127,"LBR","Liberia",1,"Bomi",1,"Klay",12,"Upper Zor","","","Clan","Clan"
43247,127,"LBR","Liberia",1,"Bomi",2,"Mecca",13,"Lower Mecca","","","Clan","Clan"
43248,127,"LBR","Liberia",1,"Bomi",2,"Mecca",14,"Upper Mecca","","","Clan","Clan"
43249,127,"LBR","Liberia",2,"Bong",3,"Fuamah",15,"Bubli","","","Clan","Clan"
43250,127,"LBR","Liberia",2,"Bong",3,"Fuamah",16,"Lorlah","","","Clan","Clan"
43251,127,"LBR","Liberia",2,"Bong",3,"Fuamah",17,"Yarbayon","","","Clan","Clan"
43252,127,"LBR","Liberia",2,"Bong",3,"Fuamah",18,"Zarwakuma","","","Clan","Clan"
43253,127,"LBR","Liberia",2,"Bong",3,"Fuamah",19,"Zuluzaryea","","","Clan","Clan"
43254,127,"LBR","Liberia",2,"Bong",4,"Jorquelleh",20,"Bellequelleh","","","Clan","Clan"
43255,127,"LBR","Liberia",2,"Bong",4,"Jorquelleh",21,"Gbarnshay","","","Clan","Clan"
43256,127,"LBR","Liberia",2,"Bong",4,"Jorquelleh",22,"Jorpoo","","","Clan","Clan"
43257,127,"LBR","Liberia",2,"Bong",4,"Jorquelleh",23,"Jorquelleh","","","Clan","Clan"
43258,127,"LBR","Liberia",2,"Bong",4,"Jorquelleh",24,"Sheansuie","","","Clan","Clan"
43259,127,"LBR","Liberia",2,"Bong",5,"Kokoyah",25,"Bonwein","","","Clan","Clan"
43260,127,"LBR","Liberia",2,"Bong",5,"Kokoyah",26,"Kokoyah","","","Clan","Clan"
43261,127,"LBR","Liberia",2,"Bong",5,"Kokoyah",27,"Senwein","","","Clan","Clan"
43262,127,"LBR","Liberia",2,"Bong",5,"Kokoyah",28,"Tukpablee","","","Clan","Clan"
43263,127,"LBR","Liberia",2,"Bong",6,"Panta-Kpa",29,"Panta","","","Clan","Clan"
43264,127,"LBR","Liberia",2,"Bong",6,"Panta-Kpa",30,"Waytua","","","Clan","Clan"
43265,127,"LBR","Liberia",2,"Bong",6,"Panta-Kpa",31,"Wolota","","","Clan","Clan"
43266,127,"LBR","Liberia",2,"Bong",6,"Panta-Kpa",32,"Wrunah","","","Clan","Clan"
43267,127,"LBR","Liberia",2,"Bong",7,"Salala",33,"Konowulala","","","Clan","Clan"
43268,127,"LBR","Liberia",2,"Bong",7,"Salala",34,"Konoyea","","","Clan","Clan"
43269,127,"LBR","Liberia",2,"Bong",7,"Salala",35,"Kpartolor","","","Clan","Clan"
43270,127,"LBR","Liberia",2,"Bong",7,"Salala",36,"Nyanforquelleh","","","Clan","Clan"
43271,127,"LBR","Liberia",2,"Bong",8,"Sanayea",37,"Bonkomu","","","Clan","Clan"
43272,127,"LBR","Liberia",2,"Bong",8,"Sanayea",38,"Boryermah","","","Clan","Clan"
43273,127,"LBR","Liberia",2,"Bong",8,"Sanayea",39,"Deingmah","","","Clan","Clan"
43274,127,"LBR","Liberia",2,"Bong",8,"Sanayea",40,"Menquelleh","","","Clan","Clan"
43275,127,"LBR","Liberia",2,"Bong",8,"Sanayea",41,"Sanoyea","","","Clan","Clan"
43276,127,"LBR","Liberia",2,"Bong",8,"Sanayea",42,"Wallahun","","","Clan","Clan"
43277,127,"LBR","Liberia",2,"Bong",9,"Suakoko",43,"Garyea","","","Clan","Clan"
43278,127,"LBR","Liberia",2,"Bong",9,"Suakoko",44,"Kpatawee","","","Clan","Clan"
43279,127,"LBR","Liberia",2,"Bong",9,"Suakoko",45,"Kpoyorquelleh","","","Clan","Clan"
43280,127,"LBR","Liberia",2,"Bong",9,"Suakoko",46,"Myeinbedewein","","","Clan","Clan"
43281,127,"LBR","Liberia",2,"Bong",9,"Suakoko",47,"Suakoko","","","Clan","Clan"
43282,127,"LBR","Liberia",2,"Bong",9,"Suakoko",48,"Togbeyah","","","Clan","Clan"
43283,127,"LBR","Liberia",2,"Bong",9,"Suakoko",49,"Zeansue","","","Clan","Clan"
43284,127,"LBR","Liberia",2,"Bong",10,"Zota",50,"Gwilapolu","","","Clan","Clan"
43285,127,"LBR","Liberia",2,"Bong",10,"Zota",51,"Lower Kpaquelleh","","","Clan","Clan"
43286,127,"LBR","Liberia",2,"Bong",10,"Zota",52,"Upper Kpaquelleh","","","Clan","Clan"
43287,127,"LBR","Liberia",2,"Bong",10,"Zota",53,"Zota","","","Clan","Clan"
43288,127,"LBR","Liberia",3,"Gbapolu",11,"Belleh",54,"Bartee","","","Clan","Clan"
43289,127,"LBR","Liberia",3,"Gbapolu",11,"Belleh",55,"Lobaizue","","","Clan","Clan"
43290,127,"LBR","Liberia",3,"Gbapolu",12,"Bokomu",56,"Gbarlin","","","Clan","Clan"
43291,127,"LBR","Liberia",3,"Gbapolu",12,"Bokomu",57,"Goe","","","Clan","Clan"
43292,127,"LBR","Liberia",3,"Gbapolu",12,"Bokomu",58,"Lower Bokomu","","","Clan","Clan"
43293,127,"LBR","Liberia",3,"Gbapolu",12,"Bokomu",59,"Upper Bokomu","","","Clan","Clan"
43294,127,"LBR","Liberia",3,"Gbapolu",13,"Bopolu",60,"Bondi-Mandingo","","","Clan","Clan"
43295,127,"LBR","Liberia",3,"Gbapolu",13,"Bopolu",61,"Gungbeyah","","","Clan","Clan"
43296,127,"LBR","Liberia",3,"Gbapolu",13,"Bopolu",62,"Tawalata","","","Clan","Clan"
43297,127,"LBR","Liberia",3,"Gbapolu",14,"Gbarma",63,"Gbarma","","","Clan","Clan"
43298,127,"LBR","Liberia",3,"Gbapolu",14,"Gbarma",64,"Yangayah","","","Clan","Clan"
43299,127,"LBR","Liberia",3,"Gbapolu",15,"Kongba",65,"Jawejeh","","","Clan","Clan"
43300,127,"LBR","Liberia",3,"Gbapolu",15,"Kongba",66,"Zuie","","","Clan","Clan"
43301,127,"LBR","Liberia",4,"Grand Cape Mount",16,"Commnwealth",67,"Robertsport","","","Clan","Clan"
43302,127,"LBR","Liberia",4,"Grand Cape Mount",17,"Garwula",68,"Lower Garwula","","","Clan","Clan"
43303,127,"LBR","Liberia",4,"Grand Cape Mount",17,"Garwula",69,"Upper Garwula","","","Clan","Clan"
43304,127,"LBR","Liberia",4,"Grand Cape Mount",18,"Golakonneh",70,"Darblo","","","Clan","Clan"
43305,127,"LBR","Liberia",4,"Grand Cape Mount",18,"Golakonneh",71,"Laa","","","Clan","Clan"
43306,127,"LBR","Liberia",4,"Grand Cape Mount",18,"Golakonneh",72,"Manna","","","Clan","Clan"
43307,127,"LBR","Liberia",4,"Grand Cape Mount",19,"Porkpa",73,"Kposo","","","Clan","Clan"
43308,127,"LBR","Liberia",4,"Grand Cape Mount",19,"Porkpa",74,"Seimavolah","","","Clan","Clan"
43309,127,"LBR","Liberia",4,"Grand Cape Mount",19,"Porkpa",75,"Sokpa","","","Clan","Clan"
43310,127,"LBR","Liberia",4,"Grand Cape Mount",20,"Tewor",76,"Fahnbulleh","","","Clan","Clan"
43311,127,"LBR","Liberia",4,"Grand Cape Mount",20,"Tewor",77,"Paasawee","","","Clan","Clan"
43312,127,"LBR","Liberia",4,"Grand Cape Mount",20,"Tewor",78,"Sambola","","","Clan","Clan"
43313,127,"LBR","Liberia",5,"GrandBassa",21,"District # 1",79,"Doe","","","Clan","Clan"
43314,127,"LBR","Liberia",5,"GrandBassa",21,"District # 1",80,"Mehn","","","Clan","Clan"
43315,127,"LBR","Liberia",5,"GrandBassa",21,"District # 1",81,"Mehwein","","","Clan","Clan"
43316,127,"LBR","Liberia",5,"GrandBassa",21,"District # 1",82,"Nyanniwein","","","Clan","Clan"
43317,127,"LBR","Liberia",5,"GrandBassa",21,"District # 1",83,"Quetroyah","","","Clan","Clan"
43318,127,"LBR","Liberia",5,"GrandBassa",21,"District # 1",84,"Saywhien","","","Clan","Clan"
43319,127,"LBR","Liberia",5,"GrandBassa",21,"District # 1",85,"Sonniwein","","","Clan","Clan"
43320,127,"LBR","Liberia",5,"GrandBassa",21,"District # 1",86,"Whenzohn","","","Clan","Clan"
43321,127,"LBR","Liberia",5,"GrandBassa",22,"District # 2",87,"Boeglahn","","","Clan","Clan"
43322,127,"LBR","Liberia",5,"GrandBassa",22,"District # 2",88,"Chan","","","Clan","Clan"
43323,127,"LBR","Liberia",5,"GrandBassa",22,"District # 2",89,"Ediana","","","Clan","Clan"
43324,127,"LBR","Liberia",5,"GrandBassa",22,"District # 2",90,"Gbor","","","Clan","Clan"
43325,127,"LBR","Liberia",5,"GrandBassa",22,"District # 2",91,"Gogowein","","","Clan","Clan"
43326,127,"LBR","Liberia",5,"GrandBassa",22,"District # 2",92,"Hoegban","","","Clan","Clan"
43327,127,"LBR","Liberia",5,"GrandBassa",22,"District # 2",93,"Karblee","","","Clan","Clan"
43328,127,"LBR","Liberia",5,"GrandBassa",22,"District # 2",94,"Marblee","","","Clan","Clan"
43329,127,"LBR","Liberia",5,"GrandBassa",23,"District # 3",95,"Buchanan City","","","Clan","Clan"
43330,127,"LBR","Liberia",5,"GrandBassa",23,"District # 3",96,"Dorzohn","","","Clan","Clan"
43331,127,"LBR","Liberia",5,"GrandBassa",23,"District # 3",97,"Gborngbo","","","Clan","Clan"
43332,127,"LBR","Liberia",5,"GrandBassa",23,"District # 3",98,"Gorblee","","","Clan","Clan"
43333,127,"LBR","Liberia",5,"GrandBassa",23,"District # 3",99,"Harlandsville Township","","","Clan","Clan"
43334,127,"LBR","Liberia",5,"GrandBassa",23,"District # 3",100,"Harmonville","","","Clan","Clan"
43335,127,"LBR","Liberia",5,"GrandBassa",23,"District # 3",101,"Hoegbahn","","","Clan","Clan"
43336,127,"LBR","Liberia",5,"GrandBassa",23,"District # 3",102,"Manlai","","","Clan","Clan"
43337,127,"LBR","Liberia",5,"GrandBassa",23,"District # 3",103,"Neekree","","","Clan","Clan"
43338,127,"LBR","Liberia",5,"GrandBassa",23,"District # 3",104,"Peter Harris","","","Clan","Clan"
43339,127,"LBR","Liberia",5,"GrandBassa",23,"District # 3",105,"Tubmanvilletship","","","Clan","Clan"
43340,127,"LBR","Liberia",5,"GrandBassa",23,"District # 3",106,"Vambo","","","Clan","Clan"
43341,127,"LBR","Liberia",5,"GrandBassa",23,"District # 3",107,"Zeewein","","","Clan","Clan"
43342,127,"LBR","Liberia",5,"GrandBassa",24,"District # 4",108,"Gainda/Ganna","","","Clan","Clan"
43343,127,"LBR","Liberia",5,"GrandBassa",24,"District # 4",109,"Grand Cola","","","Clan","Clan"
43344,127,"LBR","Liberia",5,"GrandBassa",24,"District # 4",110,"Little Cola","","","Clan","Clan"
43345,127,"LBR","Liberia",5,"GrandBassa",24,"District # 4",111,"Neepu/Doe-Gbahn","","","Clan","Clan"
43346,127,"LBR","Liberia",5,"GrandBassa",24,"District # 4",112,"Newcess","","","Clan","Clan"
43347,127,"LBR","Liberia",5,"GrandBassa",24,"District # 4",113,"Trade Town","","","Clan","Clan"
43348,127,"LBR","Liberia",5,"GrandBassa",25,"Owensgrove",114,"Bassa point","","","Clan","Clan"
43349,127,"LBR","Liberia",5,"GrandBassa",25,"Owensgrove",115,"Doewein","","","Clan","Clan"
43350,127,"LBR","Liberia",5,"GrandBassa",25,"Owensgrove",116,"Giah","","","Clan","Clan"
43351,127,"LBR","Liberia",5,"GrandBassa",25,"Owensgrove",117,"Yannah/Owensgrove","","","Clan","Clan"
43352,127,"LBR","Liberia",5,"GrandBassa",26,"Stjohnriver",118,"Gboraw/Rayawein","","","Clan","Clan"
43353,127,"LBR","Liberia",5,"GrandBassa",26,"Stjohnriver",119,"Gborwein","","","Clan","Clan"
43354,127,"LBR","Liberia",5,"GrandBassa",26,"Stjohnriver",120,"Seeyah","","","Clan","Clan"
43355,127,"LBR","Liberia",5,"GrandBassa",26,"Stjohnriver",121,"Whengbakon","","","Clan","Clan"
43356,127,"LBR","Liberia",5,"GrandBassa",26,"Stjohnriver",122,"Whrogbah","","","Clan","Clan"
43357,127,"LBR","Liberia",6,"GrandGedeh",27,"Gbarzon",123,"Bhai","","","Clan","Clan"
43358,127,"LBR","Liberia",6,"GrandGedeh",27,"Gbarzon",124,"Gbarbo","","","Clan","Clan"
43359,127,"LBR","Liberia",6,"GrandGedeh",27,"Gbarzon",125,"Gboe","","","Clan","Clan"
43360,127,"LBR","Liberia",6,"GrandGedeh",27,"Gbarzon",126,"Krazon","","","Clan","Clan"
43361,127,"LBR","Liberia",6,"GrandGedeh",27,"Gbarzon",127,"Neezoe","","","Clan","Clan"
43362,127,"LBR","Liberia",6,"GrandGedeh",27,"Gbarzon",128,"Ploe","","","Clan","Clan"
43363,127,"LBR","Liberia",6,"GrandGedeh",28,"Konobo",129,"Gbarlu","","","Clan","Clan"
43364,127,"LBR","Liberia",6,"GrandGedeh",28,"Konobo",130,"Gbaybo","","","Clan","Clan"
43365,127,"LBR","Liberia",6,"GrandGedeh",28,"Konobo",131,"Gbilibo","","","Clan","Clan"
43366,127,"LBR","Liberia",6,"GrandGedeh",28,"Konobo",132,"Gedebo","","","Clan","Clan"
43367,127,"LBR","Liberia",6,"GrandGedeh",28,"Konobo",133,"Glio","","","Clan","Clan"
43368,127,"LBR","Liberia",6,"GrandGedeh",28,"Konobo",134,"Twabo","","","Clan","Clan"
43369,127,"LBR","Liberia",6,"GrandGedeh",29,"Tchien",135,"Gbrbo/Niabo","","","Clan","Clan"
43370,127,"LBR","Liberia",6,"GrandGedeh",29,"Tchien",136,"Tchien Menson Gorbo","","","Clan","Clan"
43371,127,"LBR","Liberia",6,"GrandGedeh",29,"Tchien",137,"Tchien Menyan Kanna","","","Clan","Clan"
43372,127,"LBR","Liberia",7,"GrandKru",30,"Buah",138,"Forpoh","","","Clan","Clan"
43373,127,"LBR","Liberia",7,"GrandKru",30,"Buah",139,"Lower Buah","","","Clan","Clan"
43374,127,"LBR","Liberia",7,"GrandKru",30,"Buah",140,"Perluken","","","Clan","Clan"
43375,127,"LBR","Liberia",7,"GrandKru",30,"Buah",141,"Upper Buah","","","Clan","Clan"
43376,127,"LBR","Liberia",7,"GrandKru",31,"Lower Kru Coast",142,"Garaway/Nemia","","","Clan","Clan"
43377,127,"LBR","Liberia",7,"GrandKru",31,"Lower Kru Coast",143,"Tienpo","","","Clan","Clan"
43378,127,"LBR","Liberia",7,"GrandKru",32,"Sasstown 180606",144,"Bolloh","","","Clan","Clan"
43379,127,"LBR","Liberia",7,"GrandKru",32,"Sasstown 180606",145,"Jloh","","","Clan","Clan"
43380,127,"LBR","Liberia",7,"GrandKru",32,"Sasstown 180606",146,"Sasstown","","","Clan","Clan"
43381,127,"LBR","Liberia",7,"GrandKru",33,"Upperkrucoast",147,"Flenekpo","","","Clan","Clan"
43382,127,"LBR","Liberia",7,"GrandKru",33,"Upperkrucoast",148,"Gbalakpo","","","Clan","Clan"
43383,127,"LBR","Liberia",7,"GrandKru",33,"Upperkrucoast",149,"Grand Cess","","","Clan","Clan"
43384,127,"LBR","Liberia",7,"GrandKru",33,"Upperkrucoast",150,"Picinicess","","","Clan","Clan"
43385,127,"LBR","Liberia",7,"GrandKru",33,"Upperkrucoast",151,"Zolokengban","","","Clan","Clan"
43386,127,"LBR","Liberia",8,"Lofa",34,"Foya",152,"Rankollie","","","Clan","Clan"
43387,127,"LBR","Liberia",8,"Lofa",34,"Foya",153,"Tengia","","","Clan","Clan"
43388,127,"LBR","Liberia",8,"Lofa",34,"Foya",154,"Waum","","","Clan","Clan"
43389,127,"LBR","Liberia",8,"Lofa",35,"Kolahun",155,"Hassala","","","Clan","Clan"
43390,127,"LBR","Liberia",8,"Lofa",35,"Kolahun",156,"Hembeh","","","Clan","Clan"
43391,127,"LBR","Liberia",8,"Lofa",35,"Kolahun",157,"Lucasu","","","Clan","Clan"
43392,127,"LBR","Liberia",8,"Lofa",35,"Kolahun",158,"Tahamba","","","Clan","Clan"
43393,127,"LBR","Liberia",8,"Lofa",35,"Kolahun",159,"Wawoma","","","Clan","Clan"
43394,127,"LBR","Liberia",8,"Lofa",35,"Kolahun",160,"Wulu-Kola","","","Clan","Clan"
43395,127,"LBR","Liberia",8,"Lofa",36,"Lower Kru Coast",161,"Guma/Mende","","","Clan","Clan"
43396,127,"LBR","Liberia",8,"Lofa",37,"Salayea",162,"Gbarlien","","","Clan","Clan"
43397,127,"LBR","Liberia",8,"Lofa",37,"Salayea",163,"Palama","","","Clan","Clan"
43398,127,"LBR","Liberia",8,"Lofa",37,"Salayea",164,"Vavala","","","Clan","Clan"
43399,127,"LBR","Liberia",8,"Lofa",38,"Voinjama",165,"Bondi","","","Clan","Clan"
43400,127,"LBR","Liberia",8,"Lofa",38,"Voinjama",166,"Lower Worker","","","Clan","Clan"
43401,127,"LBR","Liberia",8,"Lofa",38,"Voinjama",167,"Upper Worker","","","Clan","Clan"
43402,127,"LBR","Liberia",8,"Lofa",38,"Voinjama",168,"Wy-Wonnegomia","","","Clan","Clan"
43403,127,"LBR","Liberia",8,"Lofa",39,"Zorzor",169,"Buluyeama","","","Clan","Clan"
43404,127,"LBR","Liberia",8,"Lofa",39,"Zorzor",170,"Gizzima","","","Clan","Clan"
43405,127,"LBR","Liberia",8,"Lofa",39,"Zorzor",171,"Ziama","","","Clan","Clan"
43406,127,"LBR","Liberia",9,"Margibi",40,"Firestone",172,"Firestone","","","Clan","Clan"
43407,127,"LBR","Liberia",9,"Margibi",41,"Gibi",173,"Gbareehn","","","Clan","Clan"
43408,127,"LBR","Liberia",9,"Margibi",41,"Gibi",174,"Gbarjorkor","","","Clan","Clan"
43409,127,"LBR","Liberia",9,"Margibi",42,"Kakata",175,"Benda/Borola","","","Clan","Clan"
43410,127,"LBR","Liberia",9,"Margibi",42,"Kakata",176,"Dinning-Ta/Borlola","","","Clan","Clan"
43411,127,"LBR","Liberia",9,"Margibi",42,"Kakata",177,"Giamusu/Larkay","","","Clan","Clan"
43412,127,"LBR","Liberia",9,"Margibi",42,"Kakata",178,"Gorlorhun/Larkay","","","Clan","Clan"
43413,127,"LBR","Liberia",9,"Margibi",42,"Kakata",179,"Konoquelleh/Kinta","","","Clan","Clan"
43414,127,"LBR","Liberia",9,"Margibi",42,"Kakata",180,"Weamaquelleh/Larkay","","","Clan","Clan"
43415,127,"LBR","Liberia",9,"Margibi",42,"Kakata",181,"Wiah/Cinta","","","Clan","Clan"
43416,127,"LBR","Liberia",9,"Margibi",43,"Mambah-Kaba",182,"Garneo","","","Clan","Clan"
43417,127,"LBR","Liberia",9,"Margibi",43,"Mambah-Kaba",183,"Gia","","","Clan","Clan"
43418,127,"LBR","Liberia",9,"Margibi",43,"Mambah-Kaba",184,"Kaffia","","","Clan","Clan"
43419,127,"LBR","Liberia",9,"Margibi",43,"Mambah-Kaba",185,"Kpay","","","Clan","Clan"
43420,127,"LBR","Liberia",9,"Margibi",43,"Mambah-Kaba",186,"Loncay","","","Clan","Clan"
43421,127,"LBR","Liberia",9,"Margibi",43,"Mambah-Kaba",187,"Zoeduah","","","Clan","Clan"
43422,127,"LBR","Liberia",10,"Maryland",44,"Barrobo",188,"Brooksville","","","Clan","Clan"
43423,127,"LBR","Liberia",10,"Maryland",44,"Barrobo",189,"David Toe","","","Clan","Clan"
43424,127,"LBR","Liberia",10,"Maryland",44,"Barrobo",190,"Dugba Big Jaye","","","Clan","Clan"
43425,127,"LBR","Liberia",10,"Maryland",44,"Barrobo",191,"Dugba Jaffa","","","Clan","Clan"
43426,127,"LBR","Liberia",10,"Maryland",44,"Barrobo",192,"Dugba Robert Goe","","","Clan","Clan"
43427,127,"LBR","Liberia",10,"Maryland",44,"Barrobo",193,"Nyanken","","","Clan","Clan"
43428,127,"LBR","Liberia",10,"Maryland",44,"Barrobo",194,"Tugbaville","","","Clan","Clan"
43429,127,"LBR","Liberia",10,"Maryland",45,"Pleebo/Sodeken",195,"Gedebo","","","Clan","Clan"
43430,127,"LBR","Liberia",10,"Maryland",45,"Pleebo/Sodeken",196,"Kleebo","","","Clan","Clan"
43431,127,"LBR","Liberia",10,"Maryland",45,"Pleebo/Sodeken",197,"Tuobo","","","Clan","Clan"
43432,127,"LBR","Liberia",10,"Maryland",45,"Pleebo/Sodeken",198,"Twansiebo","","","Clan","Clan"
43433,127,"LBR","Liberia",10,"Maryland",45,"Pleebo/Sodeken",199,"Yederobo","","","Clan","Clan"
43434,127,"LBR","Liberia",11,"Montserrado",46,"Careysburg",200,"Bensonville","","","Clan","Clan"
43435,127,"LBR","Liberia",11,"Montserrado",46,"Careysburg",201,"Careyburg","","","Clan","Clan"
43436,127,"LBR","Liberia",11,"Montserrado",46,"Careysburg",202,"Crozierville","","","Clan","Clan"
43437,127,"LBR","Liberia",11,"Montserrado",46,"Careysburg",203,"Harris-Burg","","","Clan","Clan"
43438,127,"LBR","Liberia",11,"Montserrado",46,"Careysburg",204,"Kingsville","","","Clan","Clan"
43439,127,"LBR","Liberia",11,"Montserrado",46,"Careysburg",205,"Mount Coffee","","","Clan","Clan"
43440,127,"LBR","Liberia",11,"Montserrado",46,"Careysburg",206,"White Plains","","","Clan","Clan"
43441,127,"LBR","Liberia",11,"Montserrado",47,"Greater Monrovia",207,"Monrovia","","","Clan","Clan"
43442,127,"LBR","Liberia",11,"Montserrado",48,"St Paul River",208,"Arthington","","","Clan","Clan"
43443,127,"LBR","Liberia",11,"Montserrado",48,"St Paul River",209,"Brewerville","","","Clan","Clan"
43444,127,"LBR","Liberia",11,"Montserrado",48,"St Paul River",210,"Cheesemanburg","","","Clan","Clan"
43445,127,"LBR","Liberia",11,"Montserrado",48,"St Paul River",211,"Clayashland","","","Clan","Clan"
43446,127,"LBR","Liberia",11,"Montserrado",48,"St Paul River",212,"Louisana","","","Clan","Clan"
43447,127,"LBR","Liberia",11,"Montserrado",48,"St Paul River",213,"Millsburg","","","Clan","Clan"
43448,127,"LBR","Liberia",11,"Montserrado",48,"St Paul River",214,"Virginia","","","Clan","Clan"
43449,127,"LBR","Liberia",11,"Montserrado",49,"Todee",215,"D'Ing","","","Clan","Clan"
43450,127,"LBR","Liberia",11,"Montserrado",49,"Todee",216,"Fahnsen","","","Clan","Clan"
43451,127,"LBR","Liberia",11,"Montserrado",49,"Todee",217,"Kpo","","","Clan","Clan"
43452,127,"LBR","Liberia",11,"Montserrado",49,"Todee",218,"Markoi","","","Clan","Clan"
43453,127,"LBR","Liberia",11,"Montserrado",49,"Todee",219,"Mein","","","Clan","Clan"
43454,127,"LBR","Liberia",11,"Montserrado",49,"Todee",220,"Nyen","","","Clan","Clan"
43455,127,"LBR","Liberia",11,"Montserrado",49,"Todee",221,"Pleemu","","","Clan","Clan"
43601,127,"LBR","Liberia",12,"Nimba",50,"Gbehlageh",222,"Gbehlay","","","Clan","Clan"
43602,127,"LBR","Liberia",12,"Nimba",50,"Gbehlageh",223,"Gborplay","","","Clan","Clan"
43603,127,"LBR","Liberia",12,"Nimba",50,"Gbehlageh",224,"Sallay","","","Clan","Clan"
43604,127,"LBR","Liberia",12,"Nimba",50,"Gbehlageh",225,"Srolay","","","Clan","Clan"
43605,127,"LBR","Liberia",12,"Nimba",50,"Gbehlageh",226,"Zor","","","Clan","Clan"
43606,127,"LBR","Liberia",12,"Nimba",51,"Saclepea",227,"Gbannah","","","Clan","Clan"
43607,127,"LBR","Liberia",12,"Nimba",51,"Saclepea",228,"Gbehyee","","","Clan","Clan"
43608,127,"LBR","Liberia",12,"Nimba",51,"Saclepea",229,"Lao","","","Clan","Clan"
43609,127,"LBR","Liberia",12,"Nimba",51,"Saclepea",230,"Lessonoh","","","Clan","Clan"
43610,127,"LBR","Liberia",12,"Nimba",51,"Saclepea",231,"Wee","","","Clan","Clan"
43611,127,"LBR","Liberia",12,"Nimba",51,"Saclepea",232,"Zahn","","","Clan","Clan"
43612,127,"LBR","Liberia",12,"Nimba",52,"Sanniquelleh-Mahn",233,"Bain","","","Clan","Clan"
43613,127,"LBR","Liberia",12,"Nimba",52,"Sanniquelleh-Mahn",234,"Garr","","","Clan","Clan"
43614,127,"LBR","Liberia",12,"Nimba",52,"Sanniquelleh-Mahn",235,"Gbein","","","Clan","Clan"
43615,127,"LBR","Liberia",12,"Nimba",52,"Sanniquelleh-Mahn",236,"Goah","","","Clan","Clan"
43616,127,"LBR","Liberia",12,"Nimba",52,"Sanniquelleh-Mahn",237,"Sehyi","","","Clan","Clan"
43617,127,"LBR","Liberia",12,"Nimba",52,"Sanniquelleh-Mahn",238,"Yarmein","","","Clan","Clan"
43618,127,"LBR","Liberia",12,"Nimba",53,"Tappita",239,"Boe","","","Clan","Clan"
43619,127,"LBR","Liberia",12,"Nimba",53,"Tappita",240,"Doe","","","Clan","Clan"
43620,127,"LBR","Liberia",12,"Nimba",53,"Tappita",241,"Doru","","","Clan","Clan"
43621,127,"LBR","Liberia",12,"Nimba",53,"Tappita",242,"Gbear","","","Clan","Clan"
43622,127,"LBR","Liberia",12,"Nimba",53,"Tappita",243,"Gbi","","","Clan","Clan"
43623,127,"LBR","Liberia",12,"Nimba",53,"Tappita",244,"Gblor","","","Clan","Clan"
43624,127,"LBR","Liberia",12,"Nimba",53,"Tappita",245,"Kpaiplay","","","Clan","Clan"
43625,127,"LBR","Liberia",12,"Nimba",53,"Tappita",246,"Quella","","","Clan","Clan"
43626,127,"LBR","Liberia",12,"Nimba",53,"Tappita",247,"Yourpea","","","Clan","Clan"
43627,127,"LBR","Liberia",12,"Nimba",54,"Yarwein-Mehnsohnne",248,"Bleenon","","","Clan","Clan"
43628,127,"LBR","Liberia",12,"Nimba",54,"Yarwein-Mehnsohnne",249,"Yarwein-Mehnsonneh","","","Clan","Clan"
43629,127,"LBR","Liberia",12,"Nimba",54,"Yarwein-Mehnsohnne",250,"Zehnla","","","Clan","Clan"
43630,127,"LBR","Liberia",12,"Nimba",55,"Zoegeh",251,"Butulu","","","Clan","Clan"
43631,127,"LBR","Liberia",12,"Nimba",55,"Zoegeh",252,"Gbao","","","Clan","Clan"
43632,127,"LBR","Liberia",12,"Nimba",55,"Zoegeh",253,"Gbor","","","Clan","Clan"
43633,127,"LBR","Liberia",12,"Nimba",55,"Zoegeh",254,"Yaolay","","","Clan","Clan"
43634,127,"LBR","Liberia",12,"Nimba",55,"Zoegeh",255,"Zoe","","","Clan","Clan"
43635,127,"LBR","Liberia",13,"River Cess",56,"Morweh",256,"Joewein Gbuizon","","","Clan","Clan"
43636,127,"LBR","Liberia",13,"River Cess",56,"Morweh",257,"Morweh Doedian","","","Clan","Clan"
43637,127,"LBR","Liberia",13,"River Cess",57,"Timbo",258,"Farh","","","Clan","Clan"
43638,127,"LBR","Liberia",13,"River Cess",57,"Timbo",259,"Fenwehn","","","Clan","Clan"
43639,127,"LBR","Liberia",13,"River Cess",57,"Timbo",260,"Kploh","","","Clan","Clan"
43640,127,"LBR","Liberia",13,"River Cess",57,"Timbo",261,"Kpowein","","","Clan","Clan"
43641,127,"LBR","Liberia",14,"River Gee",58,"Gbeapo",262,"Duwraken","","","Clan","Clan"
43642,127,"LBR","Liberia",14,"River Gee",58,"Gbeapo",263,"Gbeapo","","","Clan","Clan"
43643,127,"LBR","Liberia",14,"River Gee",58,"Gbeapo",264,"Kaytuken/Killipo","","","Clan","Clan"
43644,127,"LBR","Liberia",14,"River Gee",58,"Gbeapo",265,"Lower Tienpo","","","Clan","Clan"
43645,127,"LBR","Liberia",14,"River Gee",58,"Gbeapo",266,"Upper Tienpo","","","Clan","Clan"
43646,127,"LBR","Liberia",14,"River Gee",59,"Webbo",267,"Kitteabo/Glarro","","","Clan","Clan"
43647,127,"LBR","Liberia",14,"River Gee",59,"Webbo",268,"Sarbo/Palrpo","","","Clan","Clan"
43648,127,"LBR","Liberia",14,"River Gee",59,"Webbo",269,"Tiabo","","","Clan","Clan"
43649,127,"LBR","Liberia",14,"River Gee",59,"Webbo",270,"Tubbo","","","Clan","Clan"
43650,127,"LBR","Liberia",14,"River Gee",59,"Webbo",271,"Webbo","","","Clan","Clan"
43651,127,"LBR","Liberia",15,"Sinoe",60,"Butaw",272,"Butaw","","","Clan","Clan"
43652,127,"LBR","Liberia",15,"Sinoe",60,"Butaw",273,"Geetrah","","","Clan","Clan"
43653,127,"LBR","Liberia",15,"Sinoe",60,"Butaw",274,"Murrayville","","","Clan","Clan"
43654,127,"LBR","Liberia",15,"Sinoe",60,"Butaw",275,"Seedor","","","Clan","Clan"
43655,127,"LBR","Liberia",15,"Sinoe",60,"Butaw",276,"Tarsue","","","Clan","Clan"
43656,127,"LBR","Liberia",15,"Sinoe",61,"Dugbe River",277,"Cholobo","","","Clan","Clan"
43657,127,"LBR","Liberia",15,"Sinoe",61,"Dugbe River",278,"Draoh","","","Clan","Clan"
43658,127,"LBR","Liberia",15,"Sinoe",61,"Dugbe River",279,"Lower Two","","","Clan","Clan"
43659,127,"LBR","Liberia",15,"Sinoe",61,"Dugbe River",280,"Nana Kru","","","Clan","Clan"
43660,127,"LBR","Liberia",15,"Sinoe",61,"Dugbe River",281,"Nua Point","","","Clan","Clan"
43661,127,"LBR","Liberia",15,"Sinoe",61,"Dugbe River",282,"Nyanpo/Kwiata","","","Clan","Clan"
43662,127,"LBR","Liberia",15,"Sinoe",61,"Dugbe River",283,"Petay","","","Clan","Clan"
43663,127,"LBR","Liberia",15,"Sinoe",61,"Dugbe River",284,"Settra Kru","","","Clan","Clan"
43664,127,"LBR","Liberia",15,"Sinoe",62,"Greenville",285,"Bluntsville","","","Clan","Clan"
43665,127,"LBR","Liberia",15,"Sinoe",62,"Greenville",286,"Farmersville","","","Clan","Clan"
43666,127,"LBR","Liberia",15,"Sinoe",62,"Greenville",287,"Lexington","","","Clan","Clan"
43667,127,"LBR","Liberia",15,"Sinoe",62,"Greenville",288,"Louisina","","","Clan","Clan"
43668,127,"LBR","Liberia",15,"Sinoe",63,"Jaedae Jaedepo",289,"CentralJeadepo","","","Clan","Clan"
43669,127,"LBR","Liberia",15,"Sinoe",63,"Jaedae Jaedepo",290,"DwehJaedpo","","","Clan","Clan"
43670,127,"LBR","Liberia",15,"Sinoe",63,"Jaedae Jaedepo",291,"LowerBonkonJaedepo","","","Clan","Clan"
43671,127,"LBR","Liberia",15,"Sinoe",63,"Jaedae Jaedepo",292,"LowerJaedepo","","","Clan","Clan"
43672,127,"LBR","Liberia",15,"Sinoe",63,"Jaedae Jaedepo",293,"UpperBonkonJaedepo","","","Clan","Clan"
43673,127,"LBR","Liberia",15,"Sinoe",63,"Jaedae Jaedepo",294,"UpperJaedpo","","","Clan","Clan"
43674,127,"LBR","Liberia",15,"Sinoe",64,"Juarzon",295,"Belabokre","","","Clan","Clan"
43675,127,"LBR","Liberia",15,"Sinoe",64,"Juarzon",296,"Juarzon","","","Clan","Clan"
43676,127,"LBR","Liberia",15,"Sinoe",64,"Juarzon",297,"Kulushawboe","","","Clan","Clan"
43677,127,"LBR","Liberia",15,"Sinoe",64,"Juarzon",298,"Plahnnyarn","","","Clan","Clan"
43678,127,"LBR","Liberia",15,"Sinoe",64,"Juarzon",299,"Seekon","","","Clan","Clan"
43679,127,"LBR","Liberia",15,"Sinoe",65,"Kpayan",300,"Numopoh","","","Clan","Clan"
43680,127,"LBR","Liberia",15,"Sinoe",65,"Kpayan",301,"Petu","","","Clan","Clan"
43681,127,"LBR","Liberia",15,"Sinoe",65,"Kpayan",302,"Tarweh, Dropo and Putu","","","Clan","Clan"
43682,127,"LBR","Liberia",15,"Sinoe",65,"Kpayan",303,"Worteh","","","Clan","Clan"
43683,127,"LBR","Liberia",15,"Sinoe",66,"Pyneston",304,"Karbadee","","","Clan","Clan"
43684,127,"LBR","Liberia",15,"Sinoe",66,"Pyneston",305,"Wedjah","","","Clan","Clan"
